Trilha,Aula,Minuto,Link,O que está faltando
NexGen,self-target-desenvolvimento-pessoal,29:13,https://plataforma.overlens.com.br/aulas/self-target-desenvolvimento-pessoal,"Exercícios sobre ""decidir o tipo de pessoa que você quer ser"" mencionados pelo Ruan — parece que não foram publicados na plataforma"
Sintropia,"exercicio Tempo Sintrópico e Exercicio Dinheiro Sintrópico",—,"https://plataforma.overlens.com.br/exercicios/tempo-sintropico | https://plataforma.overlens.com.br/exercicios/dinheiro-sintropico","Os dois arquivos de exercício (transcricoes/exercicio Tempo Sintrópico.txt e transcricoes/Exercicio Dinheiro Sintrópico.txt) têm conteúdo idêntico — ambos descrevem os quatro baldes de tempo (investimentos, operações, dívidas, vazamentos). O exercício de dinheiro sintrópico está com a descrição errada, provavelmente copiada do de tempo."
Projetos Internacionais,aula-02-a-tripulacao,00:00:34,https://plataforma.overlens.com.br/aulas/a-tripulacao,"Mateus diz que o link da Rede de Exploradores estará na descrição da plataforma. Nos arquivos locais não há URL do grupo; conferir/publicar o link para o exercício de entrada e apresentação."
Projetos Internacionais,aula-08-rota-livre,00:07:44,https://plataforma.overlens.com.br/aulas/rota-livre,"Mateus chama o feedback de ""outro exercício nessa jornada"" e pede para entrar no link da descrição para responder um formulário. A planilha confirma o exercício, mas não há URL do formulário nos arquivos locais; conferir se o link está publicado."
Expedição Global,aula-25-finalizacao,00:01:02,https://plataforma.overlens.com.br/aulas/finalizacao,"Mateus diz que, se houver vagas abertas, links de formulários estarão na descrição. Não há links nos arquivos locais; item condicional para conferir na plataforma quando houver vagas."
Fit - Perfil Ideal de Cliente,aula-05-onde-encontrar-o-cliente-ideal,00:06:20,https://plataforma.overlens.com.br/aulas/onde-encontrar-o-cliente-ideal,"Vinni apresenta uma mensagem modelo para abordagem e diz que ela pode ser usada pelos alunos. A descrição também afirma que ela está no material da aula; não há arquivo/link separado nos arquivos locais."
Fit - Perfil Ideal de Cliente,aula-05-onde-encontrar-o-cliente-ideal,00:10:17,https://plataforma.overlens.com.br/aulas/onde-encontrar-o-cliente-ideal,"Vinni menciona um prompt para estimar TAM/SAM/SOM e a descrição diz que ele está disponível no material da aula. Não há arquivo/link separado com esse prompt nos arquivos locais."
Fit - Perfil Ideal de Cliente,aula-16-como-encontrar-clientes-certos-matriz-de-prospeccao,00:19:51,https://plataforma.overlens.com.br/aulas/como-encontrar-clientes-certos-matriz-de-prospeccao,"Vinni diz: ""Depois eu vou mandar todas essas perguntas para vocês também"" após o exercício de destravar lista de contatos. As perguntas aparecem resumidas na descrição, mas não há material/arquivo separado para o aluno refazer o exercício."
Fit - Perfil Ideal de Cliente,aula-16-como-encontrar-clientes-certos-matriz-de-prospeccao,00:25:30,https://plataforma.overlens.com.br/aulas/como-encontrar-clientes-certos-matriz-de-prospeccao,"Vinni diz que vai compartilhar um prompt para gerar leads/prospecção. Não encontrei arquivo ou link separado desse prompt nos arquivos locais; conferir se está publicado na plataforma."
Arquivo Legado,aula-13-exercicio-demandas-especificas,00:01:40,https://plataforma.overlens.com.br/aulas/exercicio-demandas-especificas,"Ruan orienta baixar o Business Model Canvas pelo link/materiais da plataforma. Não há arquivo/link do Canvas nos arquivos locais; conferir se o material está anexado."
Arquivo Legado,aula-14-blueprint,00:29:25,https://plataforma.overlens.com.br/aulas/blueprint,"Ruan diz que vai disponibilizar o arquivo/link para copiar o Blueprint e pede para o aluno tocar no link abaixo. A planilha lista o exercício, mas não há arquivo/link de Blueprint nos arquivos locais."
Arquivo Legado,aula-16-a-proposta-encantadora,00:16:55,https://plataforma.overlens.com.br/aulas/a-proposta-encantadora,"Ruan diz que o roteiro da proposta encantadora ficará disponível para download. Não há arquivo/link desse Google Docs nos arquivos locais."
Arquivo Legado,aula-16-a-proposta-encantadora,00:36:39,https://plataforma.overlens.com.br/aulas/a-proposta-encantadora,"Ruan diz que o cronograma também pode ser baixado nos materiais e que existe um modelo de cronograma. Não há arquivo/link do cronograma nos arquivos locais."
Arquivo Legado,aula-17-exemplos-de-propostas,00:00:08,https://plataforma.overlens.com.br/aulas/exemplos-de-propostas,"Ruan reforça que o roteiro e o modelo de proposta podem ser baixados nos materiais da plataforma. Não há esses arquivos/links nos arquivos locais."
Arquivo Legado,aula-22-protocolos,00:07:49,https://plataforma.overlens.com.br/aulas/protocolos,"Ruan diz que o cronograma pode ser baixado embaixo das aulas como modelo. Não há arquivo/link do modelo de cronograma nos arquivos locais."
Arquivo Legado,aula-22-protocolos,00:14:45,https://plataforma.overlens.com.br/aulas/protocolos,"Ruan mostra um modelo de contrato genérico e diz que o aluno pode fazer download na plataforma; também comenta que o PDF pode estar quebrado e que subiria contrato em texto. Não há arquivo/link do contrato nos arquivos locais; conferir formato publicado."
Sandbox - Princípios Básicos do Design,aula-02-entenda-o-proposito-do-projeto,00:05:41,https://plataforma.overlens.com.br/aulas/entenda-o-proposito-do-projeto,"Ruan menciona um modelo de briefing na aba de materiais da plataforma. Não há arquivo/link desse briefing nos arquivos locais."
Sandbox - Princípios Básicos do Design,aula-04-o-valor-da-simplicidade,00:04:16,https://plataforma.overlens.com.br/aulas/o-valor-da-simplicidade,"Ruan diz que deixará o link de uma pasta/Pinterest com exemplos de simplicidade abaixo do vídeo. Não há URL nos arquivos locais."
Sandbox - Princípios Básicos do Design,aula-05-formato-margem-e-layout,00:00:22,https://plataforma.overlens.com.br/aulas/formato-margem-e-layout,"Ruan diz que deixará o link da pasta de imagens na descrição e depois menciona link de aula sobre grid. Não há essas URLs nos arquivos locais."
Sandbox - Princípios Básicos do Design,aula-10-trabalhando-bem-com-imagens,00:04:39,https://plataforma.overlens.com.br/aulas/trabalhando-bem-com-imagens,"Ruan diz que deixará links abaixo para acessar referências/ferramentas de imagem. Não há URLs nos arquivos locais; conferir publicação na plataforma."
Engenharia de Prompt,aula-03-zero-shot,00:03:47,https://plataforma.overlens.com.br/aulas/zero-shot,"Ruan diz que vários links ficarão na descrição da aula. Não há URLs de referência nos arquivos locais."
Engenharia de Prompt,aula-06-tree-of-thought,00:15:23,https://plataforma.overlens.com.br/aulas/tree-of-thought,"Ruan diz que o link dos autores/estudos de Tree of Thought ficará abaixo. A descrição também fala em links de referência COT/TOT, mas não há URLs nos arquivos locais."
Cinetica,aula-09-elementos-de-um-bom-video,00:05:37,https://plataforma.overlens.com.br/aulas/elementos-de-um-bom-video,"Ruan mostra material de enquadramentos e diz que está disponível para download. Não há arquivo/link desse material nos arquivos locais."
Cinetica,aula-09-elementos-de-um-bom-video,00:20:32,https://plataforma.overlens.com.br/aulas/elementos-de-um-bom-video,"Ruan diz que pedirá para a equipe deixar links de aulas complementares na descrição. Não há URLs nos arquivos locais."
Cinetica,aula-16-cinematografia-aplicada,—,https://plataforma.overlens.com.br/aulas/cinematografia-aplicada,"A descrição afirma que o material de referência completo de enquadramentos/cinematografia está disponível para download na plataforma. Não há arquivo/link local desse material."
Maestro,aula-03-como-funciona-a-geracao-de-musica-com-ia,00:14:00,https://plataforma.overlens.com.br/aulas/como-funciona-a-geracao-de-musica-com-ia,"Ruan mostra o glossário de produção musical para iniciantes e diz para pegar embaixo na descrição; depois diz que a equipe deixará na descrição. Não há arquivo/link do glossário nos arquivos locais."
Maestro,aula-05-beneficios-3-cases-praticos,00:09:27,https://plataforma.overlens.com.br/aulas/beneficios-3-cases-praticos,"Ruan diz que deixará os links dos cases/fontes na descrição. A descrição menciona fontes Mashable, Music Business Worldwide e Exame, mas não há URLs nos arquivos locais."
Maestro,aula-08-como-acompanhar-as-melhores-ferramentas,00:00:07,https://plataforma.overlens.com.br/aulas/como-acompanhar-as-melhores-ferramentas,"Ruan diz que vai entregar um material para baixar na descrição. A descrição identifica o relatório analítico de estado da arte como material de download; não há arquivo/link local."
Maestro,aula-09-tipos-de-ferramentas-musicais,00:40:00,https://plataforma.overlens.com.br/aulas/tipos-de-ferramentas-musicais,"Ruan promete deixar na descrição todos os links das ferramentas mencionadas. Não há URLs nos arquivos locais."
Maestro,aula-10-prompts-basicos-e-boas-praticas-para-musica,00:07:20,https://plataforma.overlens.com.br/aulas/prompts-basicos-e-boas-praticas-para-musica,"Ruan apresenta o documento de prompt chamado Método Maestro e a descrição diz que ele está disponível na descrição da aula. Não há arquivo/link local desse documento."
Spectrum,aula-03-o-que-e-e-como-funciona-a-geracao-de-imagens-com-ia,00:00:39,https://plataforma.overlens.com.br/aulas/o-que-e-e-como-funciona-a-geracao-de-imagens-com-ia,"Ruan diz que haverá materiais de acompanhamento para download abaixo das aulas editadas. Não há arquivos/links desses materiais nos arquivos locais."
Spectrum,aula-15-iluminacao-e-atmosfera,00:01:21,https://plataforma.overlens.com.br/aulas/iluminacao-e-atmosfera,"Ruan diz que serão três aulas e cada aula é um material, com download para acompanhar. Não há arquivos/links desses materiais nos arquivos locais."
Spectrum,aula-16-do-briefing-a-entrega-final,00:10:27,https://plataforma.overlens.com.br/aulas/do-briefing-a-entrega-final,"Ruan diz que vai falar com a equipe para disponibilizar o material da aula. Não há arquivo/link desse material nos arquivos locais."
Syntax (fazer),planilha-syntax.csv,—,—,"A pasta trilhas/ruan-braz/syntax ( fazer ) tem planilha apontando para dezenas de arquivos em transcricoes/, mas a pasta transcricoes está vazia. Existe outra pasta trilhas/ruan-braz/syntax com transcrições em outro padrão de nome; precisa consolidar ou corrigir a planilha/pasta."
