Posição,N° Arquivo,Título,Tipo,Módulo,Cor do Módulo,Arquivo Descrição,Arquivo Transcrição,Posição Verificada
1,01,Introdução ao Mundo das Formas,Aula,—,—,aula-01-introducao-ao-mundo-das-formas.md,transcricoes/aula-01-1-introducao-ao-mundo-das-formas-240p.txt,—
2,—,Estudo Morfológico,Exercício,—,—,—,—,"Confirmado — exercício cita: ""o diagrama das formas disponibilizado na aula anterior"" (aula-01 apresenta o diagrama das formas)"
3,02,Psicologia das Formas,Aula,—,—,aula-02-psicologia-das-formas.md,transcricoes/aula-02-2-psicologia-das-formas-240p.txt,—
4,—,Ícones da Gestalt,Exercício,—,—,—,—,Inferência lógica — exercício exige criação de ícones para as 6 leis da Gestalt (Proximidade / Semelhança / Continuidade / Fechamento / Simetria / Figura-Fundo) ensinadas na aula-02
5,03,Desenho para Designers,Aula,—,—,aula-03-desenho-para-designers.md,transcricoes/aula-03-3-desenho-para-designers-240p.txt,—
6,—,Realidade Clonada,Exercício,—,—,—,—,Inferência lógica — exercício é sobre desenho de observação do mesmo objeto em 3 versões progressivas; tema central da aula-03 (Desenho para Designers)
7,04,Geometria das Formas,Aula,—,—,aula-04-geometria-das-formas.md,transcricoes/aula-04-4-geometria-das-formas-240p.txt,—
8,—,Tangência de Círculos,Exercício,—,—,—,—,Inferência lógica — exercício é sobre construção de círculos tangentes com compasso ou Illustrator; tangência é ensinada na aula-04 (Geometria das Formas)
9,05,A Geometria Descritiva,Aula,—,—,aula-05-a-geometria-descritiva.md,transcricoes/aula-05-5-a-geometria-descritiva-240p.txt,—
10,—,Aplicando a Épura,Exercício,—,—,—,—,Inferência lógica — exercício é sobre representar forma geométrica 3D em épura (tripla projeção ortogonal); tema central da aula-05 (A Geometria Descritiva)
11,06,Os Símbolos e a Escrita,Aula,—,—,aula-06-os-simbolo-e-a-escrita.md,transcricoes/aula-06-6-os-simbolo-e-a-escrita-240p.txt,—
12,—,Decifrando,Exercício,—,—,—,—,Inferência lógica — exercício é sobre decifrar sistemas de protoescrita (tokens / cuneiforme / egípcio / chinês); todos ensinados na aula-06 (Os Símbolos e a Escrita)
13,07,Classificação e Anatomia dos Tipos,Aula,—,—,aula-07-classificacao-e-anatomia-dos-tipos.md,transcricoes/aula-07-7-classificacao-e-anatomia-dos-tipos-v1-240p.txt,—
14,—,Xeque-mate,Exercício,—,—,—,—,Inferência lógica — exercício atribui tipografias a peças de xadrez por personalidade/função estratégica; aplica classificação de tipos da aula-07 como ponte para a aula-08
15,08,A Linguagem das Formas,Aula,—,—,aula-08-a-linguagem-das-formas.md,transcricoes/aula-08-8-a-linguagem-das-formas-240p.txt,—
