TRILHA SYNTAX - SEQUÊNCIA COMPLETA,,,,,,,,
,,,,,,,,
Posição,N° Arquivo,Título,Tipo,Módulo,Cor do Módulo,Arquivo Descrição,Arquivo Transcrição,Posição Verificada
1,01,Boas-vindas à Syntax,Aula,A verificar,A verificar,aula-01-boas-vindas-a-syntax.md,transcricoes/aula-01-1-aula-boas-vindas-a-syntax-v1-360p.txt,—
2,02,Para quem é esta trilha,Aula,A verificar,A verificar,aula-02-para-quem-e-esta-trilha.md,transcricoes/aula-02-2-aula-para-quem-e-esta-trilha-v1-240p.txt,—
3,03,O que é e como funciona a geração de textos com IA,Aula,A verificar,A verificar,aula-03-o-que-e-e-como-funciona-a-geracao-de-textos-com-ia.md,transcricoes/aula-03-3-aula-o-que-e-e-como-funciona-a-geracao-de-textos-com-ia-v1-240p.txt,—
4,04,Benefícios de usar IA para texto: 3 cases práticos,Aula,A verificar,A verificar,aula-04-beneficios-de-usar-ia-para-texto-3-cases-praticos.md,transcricoes/aula-04-4-aula-beneficios-de-usar-ia-para-texto-3-cases-praticos-v1-240p.txt,—
5,05,"Erros, mitos e limitações da geração de texto",Aula,A verificar,A verificar,aula-05-erros-mitos-e-limitacoes-da-geracao-de-texto.md,transcricoes/aula-05-5-aula-erros-mitos-e-limitacoes-da-geracao-de-texto-v1-240p.txt,—
6,06,Elementos de um bom texto,Aula,A verificar,A verificar,aula-06-elementos-de-um-bom-texto.md,transcricoes/aula-06-6-aula-elementos-de-um-bom-texto-v1-240p.txt,—
7,07,Tipos de texto e suas funções,Aula,A verificar,A verificar,aula-07-tipos-de-texto-e-suas-funcoes.md,transcricoes/aula-07-7-aula-tipos-de-texto-e-suas-funcoes-v1-240p.txt,—
8,08,"Ética, autoria e uso responsável de IA em textos",Aula,A verificar,A verificar,aula-08-etica-autoria-e-uso-responsavel-de-ia-em-textos.md,transcricoes/aula-08-8-aula-etica-autoria-e-uso-responsavel-de-ia-em-textos-v1-240p.txt,—
9,—,Conte qual é a sua opinião sobre o uso de IA generativa para textos,Exercício,A verificar,A verificar,—,transcricoes/Exercicio Conte qual é a sua opinião sobre o uso de IA generativa para textos.txt,"Inferência lógica — exercício trabalha benefícios, limitações, riscos e uso responsável; vem após aula-08 de ética e responsabilidade"
10,09,Como acompanhar as melhores ferramentas de texto,Aula,A verificar,A verificar,aula-09-como-acompanhar-as-melhores-ferramentas-de-texto.md,transcricoes/aula-09-9-aula-como-acompanhar-as-melhores-ferramentas-de-texto-v1-240p.txt,—
11,10,Hubs e ecossistemas de ferramentas de texto,Aula,A verificar,A verificar,aula-10-hubs-e-ecossistemas-de-ferramentas-de-texto.md,transcricoes/aula-10-10-aula-hubs-e-ecossistemas-de-ferramentas-de-texto-v1-240p.txt,—
12,11,Ferramentas de geração de texto com IA,Aula,A verificar,A verificar,aula-11-ferramentas-de-geracao-de-texto-com-ia.md,transcricoes/aula-11-11-aula-ferramentas-de-geracao-de-texto-com-ia-v1-240p.txt,—
13,—,Compare 2 resultados de ferramentas diferentes,Exercício,A verificar,A verificar,—,transcricoes/Exercicio Compare 2 resultados de ferramentas diferentes.txt,Inferência lógica — exercício compara ferramentas de texto; vem após aula-11 sobre ferramentas de geração de texto com IA
14,12,"Ferramentas de suporte: organização, pesquisa e coleta de referências",Aula,A verificar,A verificar,aula-12-ferramentas-de-suporte-organizacao-pesquisa-e-coleta-de-referencias.md,transcricoes/aula-12-12-aula-ferramentas-de-suporte-organizacao-pesquisa-coleta-de-referencias-v1-240p.txt,—
15,13,Ferramentas para roteiros e storytelling (ex: StoryBrand),Aula,A verificar,A verificar,aula-13-ferramentas-para-roteiros-e-storytelling.md,transcricoes/aula-13-13-aula-ferramentas-para-roteiros-e-storytelling-ex-storybrand-v1-240p.txt,—
16,14,Assistentes IA de texto,Aula,A verificar,A verificar,aula-14-assistentes-de-ia-para-texto.md,transcricoes/aula-14-14-aula-assistentes-ia-de-texto-240p.txt,—
17,15,Prompts básicos e boas práticas,Aula,A verificar,A verificar,aula-15-prompts-basicos-e-boas-praticas.md,transcricoes/aula-15-15-aula-prompts-basicos-e-boas-praticas-v1-240p.txt,—
18,16,"Estruturas avançadas: camadas, pesos, seeds e negativações",Aula,A verificar,A verificar,aula-16-estruturas-avancadas-de-prompt-para-texto.md,transcricoes/aula-16-16-aula-estruturas-avancadas-camadas-pesos-seeds-negativacoes-v1-240p.txt,—
19,17,"Tema, enredo e estrutura",Aula,A verificar,A verificar,aula-17-tema-enredo-e-estrutura.md,transcricoes/aula-17-17-aula-tema-enredo-e-estrutura-v1-240p.txt,—
20,18,"Estilo, ritmo e tom de voz",Aula,A verificar,A verificar,aula-18-estilo-ritmo-e-tom-de-voz.md,transcricoes/aula-18-18-aula-estilo-ritmo-e-tom-de-voz-240p.txt,—
21,19,Território de palavras: vocabulário,Aula,A verificar,A verificar,aula-19-territorio-de-palavras.md,transcricoes/aula-19-19-aula-territorio-de-palavras-vocabulario-v1-240p.txt,—
22,20,Figuras de linguagem: elementos literários,Aula,A verificar,A verificar,aula-20-figuras-de-linguagem.md,transcricoes/aula-20-20-aula-figuras-de-linguagem-elementos-literarios-v1-240p.txt,—
23,21,Referências culturais,Aula,A verificar,A verificar,aula-21-referencias-culturais.md,transcricoes/aula-21-21-aula-referencias-culturais-v1-240p.txt,—
24,22,Criando seu primeiro texto em 5 minutos,Aula + Exercício,A verificar,A verificar,aula-22-criando-seu-primeiro-texto-em-5-minutos.md,transcricoes/aula-22-22-aula-criando-seu-primeiro-texto-em-5-minutos-v1-240p.txt,—
25,—,Quick Win criando seu primeiro texto em 5 minutos,Exercício,A verificar,A verificar,—,transcricoes/Exercicio Quick Win criando seu primeiro texto em 5 minutos.txt,"Confirmado — Ruan diz: ""eu quero te propor um exercício"" e ""você vai escrever o seu primeiro texto"""
26,23,Visão geral: não existe um único jeito de escrever,Aula,A verificar,A verificar,aula-23-nao-existe-um-unico-jeito-de-escrever.md,transcricoes/aula-23-23-aula-visao-geral-nao-existe-um-unico-jeito-de-escrever-240p.txt,—
27,24,Painel semântico para geração de textos,Aula,A verificar,A verificar,aula-24-painel-semantico-para-geracao-de-textos.md,transcricoes/aula-24-24-aula-painel-semantico-para-geracao-de-textos-240p.txt,—
28,25,Modelos mentais aplicados à escrita,Aula,A verificar,A verificar,aula-25-modelos-mentais-aplicados-a-escrita.md,transcricoes/aula-25-25-aula-modelos-mentais-aplicados-a-escrita-v1-240p.txt,—
29,26,Prompts úteis para diferentes situações,Aula,A verificar,A verificar,aula-26-prompts-uteis-para-diferentes-situacoes.md,transcricoes/aula-26-26-aula-prompts-uteis-para-diferentes-situacoes-v1-240p.txt,—
30,—,Crie o mesmo prompt em 3 variações semânticas,Exercício,A verificar,A verificar,—,transcricoes/Exercicio Crie o mesmo prompt em 3 variações semânticas.txt,"Inferência lógica — aula-26 ensina reescrita em três registros de voz e compreensão semântica; exercício aplica a mesma lógica em três variações semânticas"
31,27,Reescrita e edição: do rascunho ao texto refinado,Aula,A verificar,A verificar,aula-27-reescrita-e-edicao-do-rascunho-ao-texto-refinado.md,transcricoes/aula-27-27-aula-reescrita-e-edicao-do-rascunho-ao-texto-refinado-v1-240p.txt,—
32,28,"Como adaptar textos para diferentes públicos: tom, vocabulário e estilo",Aula,A verificar,A verificar,aula-28-como-adaptar-textos-para-diferentes-publicos.md,transcricoes/aula-28-28-aula-como-adaptar-textos-para-diferentes-publicos-tom-vocabulario-e-estilo-v1-240p.txt,—
33,29,Quando usar cada tipo de texto em um projeto: contexto estratégico,Aula,A verificar,A verificar,aula-29-quando-usar-cada-tipo-de-texto-em-um-projeto.md,transcricoes/aula-29-29-aula-quando-usar-cada-tipo-de-texto-em-um-projeto-contexto-estrategico-240p.txt,—
34,30,Criando microtextos,Aula + Exercício,A verificar,A verificar,aula-30-criando-microtextos.md,transcricoes/aula-30-30-exercicio-criando-microtextos-v1-240p.txt,—
35,—,Criando microtextos,Exercício,A verificar,A verificar,—,transcricoes/Exercicio Criando microtextos.txt,"Confirmado — Ruan diz: ""sua missão hoje é pegar uma parte decisiva de um projeto seu"" e aplicar CSS"
36,31,Escrevendo um manifesto,Aula + Exercício,A verificar,A verificar,aula-31-escrevendo-um-manifesto.md,transcricoes/aula-31-31-exercicio-escrevendo-um-manifesto-v1-240p.txt,—
37,—,Escrevendo um Manifesto,Exercício,A verificar,A verificar,—,transcricoes/Exercicio Escrevendo um Manifesto.txt,"Confirmado — Ruan diz: ""o link do manifesto está aqui embaixo"" e pede comentário sobre o manifesto"
38,32,Exemplo de um trailer manifesto,Aula + Exercício,A verificar,A verificar,aula-32-exemplo-de-um-trailer-manifesto.md,transcricoes/aula-32-32-exercicio-exemplo-de-um-trailer-manifesto-v1-240p.txt,—
39,—,Escrevendo um Manifesto - Parte II,Exercício,A verificar,A verificar,—,transcricoes/Exercicio Escrevendo um Manifesto - Parte II.txt,"Confirmado — exercício diz: ""a partir do exercício anterior""; aula-32 mostra o trailer manifesto produzido após a leitura do manifesto"
40,33,Escrevendo um roteiro de trailer,Aula + Exercício,A verificar,A verificar,aula-33-escrevendo-um-roteiro-de-trailer.md,transcricoes/aula-33-33-exercicio-escrevendo-um-roteiro-de-trailer-v1-240p.txt,—
41,—,Escrevendo um Roteiro de Trailer,Exercício,A verificar,A verificar,—,transcricoes/Exercicio Escrevendo um Roteiro de Trailer.txt,"Confirmado — Ruan diz: ""esse material está aqui para download"" e ""fazer uma cópia para utilizar na escrita de trailers"""
42,34,Escrevendo um roteiro de anúncio,Aula + Exercício,A verificar,A verificar,aula-34-escrevendo-um-roteiro-de-anuncio.md,transcricoes/aula-34-34-exercicio-escrevendo-um-roteiro-de-anuncio-240p.txt,—
43,—,Escrevendo um Roteiro de Anúncio,Exercício,A verificar,A verificar,—,transcricoes/Exercicio Escrevendo um Roteiro de Anúncio.txt,"Confirmado — Ruan diz: ""aqui embaixo tem o documento"" no vídeo de roteiro para anúncios"
44,35,Escrevendo uma música,Aula + Exercício,A verificar,A verificar,aula-35-escrevendo-uma-musica.md,transcricoes/aula-35-35-exercicio-escrevendo-uma-musica-240p.txt,—
45,—,Escrevendo uma Música,Exercício,A verificar,A verificar,—,transcricoes/Exercicio Escrevendo uma Música.txt,"Confirmado — Ruan diz: ""tem essa música para você escutar, escuta e conta aqui o que você achou"""
46,36,Museu de Profecias: No princípio era o verbo,Aula + Exercício,A verificar,A verificar,aula-36-museu-de-profecias-galeria-de-futuros.md,transcricoes/aula-36-36-exercicio-museu-de-profecias-no-principio-era-o-verbo-v1-240p.txt,—
