"Posição","N° Arquivo","Título","Tipo","Módulo","Cor do Módulo","Arquivo Descrição","Arquivo Transcrição","Posição Verificada"
"1","00.5","Introdução a Trilha","Aula","Expedição Global","Não identificada","aula-00-5-introducao-a-trilha.md","transcricoes/aula-00-5-aula-0-5-introducao-a-trilha.txt","—"
"2","01","O Que É A Plataforma Da Upwork","Aula","Expedição Global","Não identificada","aula-01-o-que-e-a-plataforma-da-upwork.md","transcricoes/aula-01-aula-1-o-que-e-a-plataforma-da-upwork.txt","—"
"3","02","Explorando Os Painéis Da Plataforma","Aula","Expedição Global","Não identificada","aula-02-explorando-os-paineis-da-plataforma.md","transcricoes/aula-02-aula-2-explorando-os-paineis-da-plataforma.txt","—"
"4","03","O Que São Os Connects","Aula","Expedição Global","Não identificada","aula-03-o-que-sao-os-connects.md","transcricoes/aula-03-aula-3-o-que-sao-os-connects.txt","—"
"5","04","Como Receber Pagamentos Em Dólar","Aula","Expedição Global","Não identificada","aula-04-como-receber-pagamentos-em-dolar.md","transcricoes/aula-04-aula-4-como-receber-pagamentos-em-dolar.txt","—"
"6","—","Primeiros Passos","Exercício","Expedição Global","Não identificada","—","transcricoes/Exercicio Primeiros Passos.txt","Inferência lógica — exercício numerado como 1 e reúne criação de conta na Upwork, exploração da plataforma, conta Wise e formas de pagamento vistos nas aulas 01-04; aula-04 encerra sem convocar exercício."
"7","05","Pesquisando Perfis De Referência","Aula","Expedição Global","Não identificada","aula-05-pesquisando-perfis-de-referencia.md","transcricoes/aula-05-aula-5-pesquisando-perfis-de-referencia.txt","—"
"8","06","Título Do Perfil","Aula","Expedição Global","Não identificada","aula-06-titulo-do-perfil.md","transcricoes/aula-06-aula-6-titulo-do-perfil.txt","—"
"9","07","Foto De Perfil","Aula","Expedição Global","Não identificada","aula-07-foto-de-perfil.md","transcricoes/aula-07-aula-7-foto-de-perfil.txt","—"
"10","08","Bio Impactante","Aula","Expedição Global","Não identificada","aula-08-bio-impactante.md","transcricoes/aula-08-aula-8-bio-impactante.txt","—"
"11","09","Consultoria","Aula","Expedição Global","Não identificada","aula-09-consultoria.md","transcricoes/aula-09-aula-9-consultoria.txt","—"
"12","10","Perfis Diferentes","Aula","Expedição Global","Não identificada","aula-10-perfis-diferentes.md","transcricoes/aula-10-aula-10-perfis-diferentes.txt","—"
"13","11","Visão Geral Da Barra Lateral","Aula","Expedição Global","Não identificada","aula-11-visao-geral-da-barra-lateral.md","transcricoes/aula-11-aula-11-visao-geral-da-barra-lateral.txt","—"
"14","12","Portfólio","Aula","Expedição Global","Não identificada","aula-12-portfolio.md","transcricoes/aula-12-aula-12-portfolio.txt","—"
"15","13","Histórico De Trabalho","Aula","Expedição Global","Não identificada","aula-13-historico-de-trabalho.md","transcricoes/aula-13-aula-13-historico-de-trabalho.txt","—"
"16","14","Skills","Aula","Expedição Global","Não identificada","aula-14-skills.md","transcricoes/aula-14-aula-14-skills.txt","—"
"17","15","Catálogo De Projetos","Aula","Expedição Global","Não identificada","aula-15-catalogo-de-projetos.md","transcricoes/aula-15-aula-15-catalogo-de-projetos.txt","—"
"18","16","Depoimentos Externos","Aula","Expedição Global","Não identificada","aula-16-depoimentos-externos.md","transcricoes/aula-16-aula-16-depoimentos-externos.txt","—"
"19","—","Perfil Atrativo","Exercício","Expedição Global","Não identificada","—","transcricoes/Exercicio Perfil Atrativo.txt","Inferência lógica — exercício numerado como 2 e reúne pesquisa de perfis, título, foto, bio, portfólio, skills, catálogo e depoimentos trabalhados nas aulas 05-16; aula-16 recapitula perfil sem convocar exercício."
"20","17","Avaliando Clientes","Aula","Expedição Global","Não identificada","aula-17-avaliando-clientes.md","transcricoes/aula-17-aula-17-avaliando-clientes.txt","—"
"21","18","Filtros Avançados","Aula","Expedição Global","Não identificada","aula-18-filtros-avancados.md","transcricoes/aula-18-aula-18-filtros-avancados.txt","—"
"22","19","Como O Cliente Vêem Nossas Propostas","Aula","Expedição Global","Não identificada","aula-19-como-o-cliente-ve-nossas-propostas.md","transcricoes/aula-19-aula-19-como-o-cliente-veem-nossas-propostas.txt","—"
"23","20","Preço Fixo - Preço Hora","Aula","Expedição Global","Não identificada","aula-20-preco-fixo-e-preco-hora.md","transcricoes/aula-20-aula-20-preco-fixo-preco-hora.txt","—"
"24","21","Milestones","Aula","Expedição Global","Não identificada","aula-21-milestones.md","transcricoes/aula-21-aula-21-milestones.txt","—"
"25","22","Escrevendo Uma Boa Proposta","Aula","Expedição Global","Não identificada","aula-22-escrevendo-uma-boa-proposta.md","transcricoes/aula-22-aula-22-escrevendo-uma-boa-proposta.txt","—"
"26","23","Criando Central De Links","Aula","Expedição Global","Não identificada","aula-23-criando-central-de-links.md","transcricoes/aula-23-aula-23-criando-central-de-links.txt","—"
"27","—","Proposta Impactante","Exercício","Expedição Global","Não identificada","—","transcricoes/Exercicio Proposta impactante.txt","Inferência lógica — exercício numerado como 3 e reúne filtros, avaliação de clientes, proposta, central de links e envio de propostas vistos nas aulas 17-23; aula-23 encerra recomendando central de links sem convocar exercício."
"28","24","Ferramentas Secundárias Pouncer Ai, Gigradar","Aula","Expedição Global","Não identificada","aula-24-ferramentas-secundarias-pouncer-ai-gigradar.md","transcricoes/aula-24-aula-24-ferramentas-secundarias-pouncer-ai-gigradar.txt","—"
"29","25","Finalização","Aula","Expedição Global","Não identificada","aula-25-finalizacao.md","transcricoes/aula-25-aula-25-finalizacao.txt","—"
